-- phpMyAdmin SQL Dump
-- version 5.2.0
-- https://www.phpmyadmin.net/
--
-- Хост: 127.0.0.1:3306
-- Час створення: Гру 31 2024 р., 04:11
-- Версія сервера: 8.0.30
-- Версія PHP: 7.2.34

SET SQL_MODE = "NO_AUTO_VALUE_ON_ZERO";
START TRANSACTION;
SET time_zone = "+00:00";


/*!40101 SET @OLD_CHARACTER_SET_CLIENT=@@CHARACTER_SET_CLIENT */;
/*!40101 SET @OLD_CHARACTER_SET_RESULTS=@@CHARACTER_SET_RESULTS */;
/*!40101 SET @OLD_COLLATION_CONNECTION=@@COLLATION_CONNECTION */;
/*!40101 SET NAMES utf8mb4 */;

--
-- База даних: `test3`
--

-- --------------------------------------------------------

--
-- Структура таблиці `Menu`
--

CREATE TABLE `Menu` (
  `id` int NOT NULL,
  `store_id` int DEFAULT NULL,
  `name` varchar(255) NOT NULL,
  `price` decimal(10,2) NOT NULL,
  `description` text
) ENGINE=InnoDB DEFAULT CHARSET=utf8mb4 COLLATE=utf8mb4_0900_ai_ci;

--
-- Дамп даних таблиці `Menu`
--

INSERT INTO `Menu` (`id`, `store_id`, `name`, `price`, `description`) VALUES
(1, 1, 'Маргарита', '150.00', 'Піца з томатним соусом і сиром моцарела'),
(3, 1, 'Пепероні', '170.00', 'Піца з томатним соусом, сиром моцарела і пепероні'),
(4, 2, 'Класичний бургер', '120.00', 'Бургер з яловичиною, сиром і соусом'),
(5, 2, 'Чізбургер', '130.00', 'Бургер з яловичиною, сиром чеддер і соусом'),
(6, 3, 'Філадельфія', '200.00', 'Роли з лососем, крем-сиром і огірком'),
(7, 1, 'Американо', '50.00', 'Кава Американо з молоком або без'),
(8, 1, 'Лате', '60.00', 'Кава Лате з ніжною пінкою'),
(9, 2, 'Стейк Рибай', '350.00', 'Соковитий стейк з яловичини'),
(10, 2, 'Стейк Нью-Йорк', '400.00', 'Класичний стейк Нью-Йорк'),
(11, 3, 'Шаурма Класична', '80.00', 'Шаурма з куркою та овочами'),
(12, 3, 'Шаурма Зі свининою', '90.00', 'Шаурма зі свининою та соусом'),
(13, 4, 'Кебаб', '70.00', 'Соковитий кебаб з яловичини'),
(14, 4, 'Кебаб з куркою', '65.00', 'Кебаб з куркою та спеціями'),
(15, 5, 'Том Ям', '150.00', 'Гострий тайський суп Том Ям'),
(16, 5, 'Пад Тай', '130.00', 'Тайська локшина Пад Тай з куркою'),
(17, 6, 'Рис з овочами', '70.00', 'Смажений рис з овочами та соєвим соусом'),
(18, 6, 'Курча теріякі', '120.00', 'Курча в соусі теріякі з овочами'),
(19, 7, 'Паста Карбонара', '140.00', 'Італійська паста з беконом та вершками'),
(20, 7, 'Піца Маргарита', '180.00', 'Класична піца з томатами та сиром'),
(21, 8, 'Борщ', '90.00', 'Традиційний український борщ'),
(22, 8, 'Вареники з картоплею', '80.00', 'Вареники з картоплею та цибулею'),
(23, 9, 'Фалафель', '60.00', 'Смажені кульки з нуту та спецій'),
(24, 9, 'Салат Табуле', '50.00', 'Салат з петрушки, м\'яти та кускусу'),
(25, 10, 'Чікенбургер', '85.00', 'Бургер з курячою котлетою та соусом'),
(26, 10, 'Беконбургер', '95.00', 'Бургер з яловичиною, сиром та беконом');

-- --------------------------------------------------------

--
-- Структура таблиці `Orders`
--

CREATE TABLE `Orders` (
  `id` int NOT NULL,
  `store_id` int DEFAULT NULL,
  `order_date` datetime NOT NULL,
  `customer_name` varchar(255) NOT NULL,
  `customer_phone` varchar(15) DEFAULT NULL
) ENGINE=InnoDB DEFAULT CHARSET=utf8mb4 COLLATE=utf8mb4_0900_ai_ci;

--
-- Дамп даних таблиці `Orders`
--

INSERT INTO `Orders` (`id`, `store_id`, `order_date`, `customer_name`, `customer_phone`) VALUES
(1, 1, '2024-12-31 12:00:00', 'Іван Іванов', '380987654321'),
(3, 1, '2024-12-31 13:00:00', 'Петро Петренко', '380123123123'),
(4, 2, '2024-12-31 14:00:00', 'Марія Марченко', '380456456456'),
(5, 3, '2024-12-31 15:00:00', 'Ольга Олійник', '380789789789'),
(6, 4, '2024-12-31 16:00:00', 'Анна Антонова', '380321321321'),
(7, 1, '2024-12-31 17:00:00', 'Сергій Сергієнко', '380753123456'),
(8, 1, '2024-12-31 18:00:00', 'Наталія Наталієнко', '380123456789'),
(9, 2, '2024-12-31 19:00:00', 'Іван Іванович', '380987654321'),
(10, 2, '2024-12-31 20:00:00', 'Олександр Олександрович', '380456789123'),
(11, 3, '2024-12-31 21:00:00', 'Ганна Ганна', '380741852963'),
(12, 3, '2024-12-31 22:00:00', 'Віктор Вікторович', '380852963741'),
(13, 4, '2024-12-31 23:00:00', 'Юлія Юлієнко', '380963852741'),
(14, 4, '2025-01-01 00:00:00', 'Олег Олегович', '380159753486'),
(15, 5, '2025-01-01 01:00:00', 'Олена Оленіна', '380753159486'),
(16, 5, '2025-01-01 02:00:00', 'Тетяна Тетянівна', '380357951486'),
(17, 6, '2025-01-01 03:00:00', 'Василь Васильович', '380951357486'),
(18, 6, '2025-01-01 04:00:00', 'Катерина Катеринівна', '380456123789'),
(19, 7, '2025-01-01 05:00:00', 'Дмитро Дмитрович', '380789456123'),
(20, 7, '2025-01-01 06:00:00', 'Ірина Ірініна', '380951753486'),
(21, 8, '2025-01-01 07:00:00', 'Микола Миколайович', '380123789456'),
(22, 8, '2025-01-01 08:00:00', 'Софія Софіївна', '380321456987'),
(23, 9, '2025-01-01 09:00:00', 'Володимир Володимирович', '380654123789'),
(24, 9, '2025-01-01 10:00:00', 'Аліна Алініна', '380951654789'),
(25, 10, '2025-01-01 11:00:00', 'Євген Євгенович', '380951852963'),
(26, 10, '2025-01-01 12:00:00', 'Назар Назарович', '380963789456'),
(27, 1, '2024-12-31 04:03:05', 'test', 'test'),
(28, 1, '2024-12-31 04:07:31', '1', '1');

-- --------------------------------------------------------

--
-- Структура таблиці `Order_Items`
--

CREATE TABLE `Order_Items` (
  `id` int NOT NULL,
  `order_id` int NOT NULL,
  `menu_item_id` int NOT NULL,
  `quantity` int DEFAULT '1'
) ENGINE=InnoDB DEFAULT CHARSET=utf8mb4 COLLATE=utf8mb4_0900_ai_ci;

-- --------------------------------------------------------

--
-- Структура таблиці `Stores`
--

CREATE TABLE `Stores` (
  `id` int NOT NULL,
  `name` varchar(255) NOT NULL,
  `address` varchar(255) NOT NULL,
  `phone_number` varchar(15) NOT NULL,
  `email` varchar(255) DEFAULT NULL
) ENGINE=InnoDB DEFAULT CHARSET=utf8mb4 COLLATE=utf8mb4_0900_ai_ci;

--
-- Дамп даних таблиці `Stores`
--

INSERT INTO `Stores` (`id`, `name`, `address`, `phone_number`, `email`) VALUES
(1, 'Піцерія Смак', 'вул. Шевченка, 10', '380123456789', 'smak@example.com'),
(2, 'Піцерія Добро', 'вул. Шевченка, 11', '380123423789', 'test@example.com'),
(3, 'Бургер Кінг', 'вул. Франка, 25', '380987654321', 'burgerking@example.com'),
(4, 'Суші Мастер', 'вул. Лесі Українки, 12', '380456789123', 'sushi@example.com'),
(5, 'Кав\'ярня Затишок', 'вул. Грушевського, 8', '380789123456', 'coffee@example.com'),
(6, 'Стейк Хаус', 'вул. Сковороди, 3', '380321654987', 'steakhouse@example.com'),
(7, 'Фастфуд Швидко', 'вул. Хрещатик, 15', '380654321987', 'fastfood@example.com'),
(8, 'Донер Кебаб', 'вул. Перемоги, 7', '380321987654', 'donerkebab@example.com'),
(9, 'Бістро Плюс', 'вул. Миру, 23', '380987321654', 'bistro@example.com'),
(10, 'Китайська Їжа', 'вул. Центральна, 5', '380741852963', 'chinese@example.com'),
(11, 'Італійська Кухня', 'вул. Садова, 9', '380852963741', 'italian@example.com'),
(12, 'Французька Булочна', 'вул. Липська, 11', '380963852741', 'french@example.com'),
(13, 'Мексиканська Ресторан', 'вул. Гетьмана, 18', '380159753486', 'mexican@example.com'),
(14, 'Веган Кафе', 'вул. Соборна, 22', '380753159486', 'vegan@example.com'),
(15, 'Тайська Їжа', 'вул. Прорізна, 14', '380357951486', 'thai@example.com'),
(16, 'Індійський Ресторан', 'вул. Івана Франка, 3', '380951357486', 'indian@example.com'),
(17, 'Грецька Таверна', 'вул. Олеся Гончара, 8', '380456123789', 'greek@example.com'),
(18, 'Турецький Кебаб', 'вул. Кирилівська, 5', '380789456123', 'turkish@example.com'),
(19, 'Американський Дайнер', 'вул. Антоновича, 6', '380951753486', 'american@example.com'),
(20, 'Японський Суші Бар', 'вул. Еспланадна, 10', '380123789456', 'japanese@example.com'),
(21, 'Азійський Бістро', 'вул. Бульварно-Кудрявська, 4', '380321456987', 'asian@example.com'),
(22, 'Фастфуд Швидко', 'вул. Хрещатик, 15', '380654321987', 'fastfood@example.com'),
(23, 'Донер Кебаб', 'вул. Перемоги, 7', '380321987654', 'donerkebab@example.com'),
(24, 'Бістро Плюс', 'вул. Миру, 23', '380987321654', 'bistro@example.com'),
(25, 'Китайська Їжа', 'вул. Центральна, 5', '380741852963', 'chinese@example.com'),
(26, 'Італійська Кухня', 'вул. Садова, 9', '380852963741', 'italian@example.com'),
(27, 'Французька Булочна', 'вул. Липська, 11', '380963852741', 'french@example.com'),
(28, 'Мексиканська Ресторан', 'вул. Гетьмана, 18', '380159753486', 'mexican@example.com'),
(29, 'Веган Кафе', 'вул. Соборна, 22', '380753159486', 'vegan@example.com'),
(30, 'Тайська Їжа', 'вул. Прорізна, 14', '380357951486', 'thai@example.com'),
(31, 'Індійський Ресторан', 'вул. Івана Франка, 3', '380951357486', 'indian@example.com'),
(32, 'Грецька Таверна', 'вул. Олеся Гончара, 8', '380456123789', 'greek@example.com'),
(33, 'Турецький Кебаб', 'вул. Кирилівська, 5', '380789456123', 'turkish@example.com'),
(34, 'Американський Дайнер', 'вул. Антоновича, 6', '380951753486', 'american@example.com'),
(35, 'Японський Суші Бар', 'вул. Еспланадна, 10', '380123789456', 'japanese@example.com'),
(36, 'Азійський Бістро', 'вул. Бульварно-Кудрявська, 4', '380321456987', 'asian@example.com');

--
-- Індекси збережених таблиць
--

--
-- Індекси таблиці `Menu`
--
ALTER TABLE `Menu`
  ADD PRIMARY KEY (`id`),
  ADD KEY `store_id` (`store_id`);

--
-- Індекси таблиці `Orders`
--
ALTER TABLE `Orders`
  ADD PRIMARY KEY (`id`),
  ADD KEY `store_id` (`store_id`);

--
-- Індекси таблиці `Order_Items`
--
ALTER TABLE `Order_Items`
  ADD PRIMARY KEY (`id`),
  ADD KEY `order_id` (`order_id`),
  ADD KEY `menu_item_id` (`menu_item_id`);

--
-- Індекси таблиці `Stores`
--
ALTER TABLE `Stores`
  ADD PRIMARY KEY (`id`);

--
-- AUTO_INCREMENT для збережених таблиць
--

--
-- AUTO_INCREMENT для таблиці `Menu`
--
ALTER TABLE `Menu`
  MODIFY `id` int NOT NULL AUTO_INCREMENT, AUTO_INCREMENT=27;

--
-- AUTO_INCREMENT для таблиці `Orders`
--
ALTER TABLE `Orders`
  MODIFY `id` int NOT NULL AUTO_INCREMENT, AUTO_INCREMENT=29;

--
-- AUTO_INCREMENT для таблиці `Order_Items`
--
ALTER TABLE `Order_Items`
  MODIFY `id` int NOT NULL AUTO_INCREMENT;

--
-- AUTO_INCREMENT для таблиці `Stores`
--
ALTER TABLE `Stores`
  MODIFY `id` int NOT NULL AUTO_INCREMENT, AUTO_INCREMENT=37;

--
-- Обмеження зовнішнього ключа збережених таблиць
--

--
-- Обмеження зовнішнього ключа таблиці `Menu`
--
ALTER TABLE `Menu`
  ADD CONSTRAINT `menu_ibfk_1` FOREIGN KEY (`store_id`) REFERENCES `Stores` (`id`);

--
-- Обмеження зовнішнього ключа таблиці `Orders`
--
ALTER TABLE `Orders`
  ADD CONSTRAINT `orders_ibfk_1` FOREIGN KEY (`store_id`) REFERENCES `Stores` (`id`);

--
-- Обмеження зовнішнього ключа таблиці `Order_Items`
--
ALTER TABLE `Order_Items`
  ADD CONSTRAINT `order_items_ibfk_1` FOREIGN KEY (`order_id`) REFERENCES `Orders` (`id`),
  ADD CONSTRAINT `order_items_ibfk_2` FOREIGN KEY (`menu_item_id`) REFERENCES `Menu` (`id`);
COMMIT;

/*!40101 SET CHARACTER_SET_CLIENT=@OLD_CHARACTER_SET_CLIENT */;
/*!40101 SET CHARACTER_SET_RESULTS=@OLD_CHARACTER_SET_RESULTS */;
/*!40101 SET COLLATION_CONNECTION=@OLD_COLLATION_CONNECTION */;
